FPSB0070015_RGB1_20170607_111524__20.jpg,ALL
FPSB0070015_RGB1_20170607_111524__08.jpg,ALL
FPSB0070015_RGB1_20170613_171619__02.jpg,ALL
FPSB0070015_RGB1_20170602_155750__11.jpg,ALL
FPSB0070015_RGB1_20170602_155750__35.jpg,ALL
FPSB0070015_RGB1_20170607_111524__29.jpg,ALL
FPSB0070015_RGB1_20170602_155750__14.jpg,A
FPSB0070015_RGB1_20170607_111524__28.jpg,A
FPSB0070015_RGB1_20170607_111524__25.jpg,ALL
FPSB0070015_RGB1_20170602_155750__32.jpg,ALL
FPSB0070015_RGB1_20170607_111524__23.jpg,ALL
FPSB0070015_RGB1_20170602_155750__07.jpg,C
FPSB0070015_RGB1_20170602_155750__16.jpg,ALL
FPSB0070015_RGB1_20170602_155750__13.jpg,A
FPSB0070015_RGB1_20170607_111524__21.jpg,A
FPSB0070015_RGB1_20170602_155750__30.jpg,ALL
FPSB0070015_RGB1_20170607_111524__02.jpg,A
FPSB0070015_RGB1_20170607_111524__16.jpg,C
FPSB0070015_RGB1_20170602_155750__28.jpg,C
FPSB0070015_RGB1_20170607_111524__09.jpg,A
FPSB0070015_RGB1_20170602_155750__19.jpg,C
FPSB0070015_RGB1_20170602_155750__27.jpg,ALL
FPSB0070015_RGB1_20170607_111524__33.jpg,ALL
FPSB0070015_RGB1_20170613_171619__03.jpg,A
FPSB0070015_RGB1_20170607_111524__13.jpg,ALL
FPSB0070015_RGB1_20170602_155750__01.jpg,B
FPSB0070015_RGB1_20170602_155750__18.jpg,ALL
FPSB0070015_RGB1_20170602_155750__02.jpg,ALL
FPSB0070015_RGB1_20170607_111524__22.jpg,A
FPSB0070015_RGB1_20170602_155750__06.jpg,ALL
FPSB0070015_RGB1_20170607_111524__06.jpg,B
FPSB0070015_RGB1_20170602_155750__17.jpg,ALL
FPSB0070015_RGB1_20170607_111524__17.jpg,C
FPSB0070015_RGB1_20170607_111524__34.jpg,C
FPSB0070015_RGB1_20170613_171619__04.jpg,ALL
FPSB0070015_RGB1_20170607_111524__35.jpg,B
FPSB0070015_RGB1_20170602_155750__15.jpg,ALL
FPSB0070015_RGB1_20170602_155750__20.jpg,ALL
FPSB0070015_RGB1_20170602_155750__09.jpg,ALL
FPSB0070015_RGB1_20170607_111524__04.jpg,B
FPSB0070015_RGB1_20170607_111524__30.jpg,C
FPSB0070015_RGB1_20170607_111524__12.jpg,C
FPSB0070015_RGB1_20170607_111524__31.jpg,C
FPSB0070015_RGB1_20170602_155750__23.jpg,B
FPSB0070015_RGB1_20170602_155750__05.jpg,A
FPSB0070015_RGB1_20170607_111524__07.jpg,A
FPSB0070015_RGB1_20170602_155750__26.jpg,B
FPSB0070015_RGB1_20170607_111524__27.jpg,A
FPSB0070015_RGB1_20170607_111524__10.jpg,B
FPSB0070015_RGB1_20170607_111524__03.jpg,B
FPSB0070015_RGB1_20170607_111524__26.jpg,B
FPSB0070015_RGB1_20170602_155750__03.jpg,B
FPSB0070015_RGB1_20170602_155750__08.jpg,C
FPSB0070015_RGB1_20170607_111524__15.jpg,B
FPSB0070015_RGB1_20170602_155750__34.jpg,B
FPSB0070015_RGB1_20170607_111524__24.jpg,B
FPSB0070015_RGB1_20170613_171619__01.jpg,B
FPSB0070015_RGB1_20170607_111524__32.jpg,B
FPSB0070015_RGB1_20170607_111524__05.jpg,C
FPSB0070015_RGB1_20170602_155750__12.jpg,B
FPSB0070015_RGB1_20170602_155750__33.jpg,B
FPSB0070015_RGB1_20170602_155750__22.jpg,ALL
FPSB0070015_RGB1_20170602_155750__25.jpg,B
FPSB0070015_RGB1_20170607_111524__11.jpg,C
FPSB0070015_RGB1_20170607_111524__18.jpg,B
FPSB0070015_RGB1_20170607_111524__14.jpg,A
FPSB0070015_RGB1_20170613_171619__05.jpg,A
FPSB0070015_RGB1_20170602_155750__21.jpg,C
FPSB0070015_RGB1_20170602_155750__10.jpg,C
FPSB0070015_RGB1_20170602_155750__04.jpg,C
FPSB0070015_RGB1_20170602_155750__31.jpg,A
FPSB0070015_RGB1_20170607_111524__19.jpg,A
FPSB0070015_RGB1_20170607_111524__01.jpg,B
FPSB0070015_RGB1_20170602_155750__24.jpg,B
FPSB0070015_RGB1_20170602_155750__29.jpg,A
